	FEATURES										Outputs	
mutation	temp	E4	WT	PAS domain	C-linker	CNBHD	Pore	Distance_to_SF(A)	Hydrophobicity_Change	Conservative_Score	class	is class 2
D16A	0	0	0	0	0	0	0	68.91	0.97	-0.84	3	0
R20G	0	0	0	0	0	0	0	69.6	1.96	0.852	1b	0
S26I	1	1	1	1	0	0	0	76.98	0.99	-0.302	2	1
K28E	1	1	1	1	0	0	0	81.5	0.48	-0.549	2	1
F29L	1	1	1	1	0	0	0	81.6	-0.08	-0.808	2	1
I30T	1	1	1	1	0	0	0	81.43	-0.91	-0.109	2	1
I31S	-1	-1	1	1	0	0	0	80.15	-0.99	-0.34	2	1
A32T	1	1	1	1	0	0	0	82.04	-0.43	-0.549	2	1
N33T	0	0	0	1	0	0	0	81.27	0.46	-0.888	3	0
V41F	-1	-1	1	1	0	0	0	82.91	0.07	-0.592	2	1
I42N	1	-1	1	1	0	0	0	79.13	-1.37	-0.587	2	1
Y43C	1	-1	1	1	0	0	0	78.03	0.02	-0.802	2	1
C44F	-1	-1	1	1	0	0	0	79.53	0.57	-0.798	2	1
N45Y	-1	-1	1	1	0	0	0	77.76	0.66	-0.617	2	1
G47V	1	-1	1	1	0	0	0	80.77	0.38	-0.811	2	1
C49Y	1	-1	1	1	0	0	0	83.62	-0.02	-0.798	2	1
G53D	1	-1	1	1	0	0	0	88.16	-0.88	-0.811	2	1
G53R	1	1	1	1	0	0	0	88.16	-1.96	-0.811	2	1
Y54H	1	1	1	1	0	0	0	87.2	-0.42	0.344	2	1
S55L	1	-1	1	1	0	0	0	83.81	0.79	0.344	2	1
R56Q	0	0	0	1	0	0	0	81.39	1.11	-0.863	3	0
A57P	0	0	0	1	0	0	0	82.74	-0.32	-0.312	1a	0
E58A	1	1	1	1	0	0	0	86.28	0.87	-0.851	2	1
E58D	0	0	0	1	0	0	0	86.28	-0.1	-0.851	2	1
E58G	1	-1	1	1	0	0	0	86.28	0.78	-0.851	2	1
E58K	1	1	1	1	0	0	0	86.28	-0.48	-0.851	2	1
C64W	1	-1	1	1	0	0	0	87.96	0.33	-0.808	2	1
C64Y	1	1	1	1	0	0	0	87.96	-0.02	-0.808	2	1
T65P	1	1	1	1	0	0	0	91.62	0.11	0.807	2	1
C66G	1	-1	1	1	0	0	0	91.75	0.12	-0.808	2	1
F68L	1	-1	1	1	0	0	0	94.44	-0.08	-0.819	2	1
H70N	1	1	1	1	0	0	0	97.45	-0.24	-0.009	2	1
H70R	1	1	1	1	0	0	0	97.45	-1.4	-0.009	2	1
G71R	-1	-1	1	1	0	0	0	100.54	-1.96	-0.821	2	1
P72L	1	1	1	1	0	0	0	104.19	0.6	-0.007	2	1
P72Q	1	1	1	1	0	0	0	104.19	-0.62	-0.007	2	1
T74M	-1	-1	1	1	0	0	0	101.44	0.44	-0.632	2	1
T74P	-1	-1	1	1	0	0	0	101.44	0.11	-0.632	2	1
T74R	-1	-1	1	1	0	0	0	101.44	-1.62	-0.632	2	1
A78P	1	1	1	1	0	0	0	100.22	-0.32	1.487	2	1
A80P	0	0	0	1	0	0	0	99.21	-0.32	1.065	2	1
A85V	1	1	1	1	0	0	0	92.12	0.29	-0.518	2	1
L86P	1	-1	1	1	0	0	0	89.83	-0.6	-0.884	2	1
L86R	1	-1	1	1	0	0	0	89.83	-2.33	-0.884	2	1
L87P	1	-1	1	1	0	0	0	91.24	-0.6	0.817	2	1
V94G	1	-1	1	1	0	0	0	94.12	-0.38	0.858	2	1
I96V	0	0	0	1	0	0	0	96.78	-0.19	-0.142	-1	0
I96T	1	1	1	1	0	0	0	96.78	-0.91	-0.142	2	1
F98S	1	-1	1	1	0	0	0	95.39	-0.87	-0.819	2	1
Y99S	1	1	1	1	0	0	0	95.97	-0.28	-0.813	2	1
R100G	1	1	1	1	0	0	0	93.53	1.96	0.241	2	1
R100Q	1	-1	1	1	0	0	0	93.53	1.11	0.241	2	1
R100W	1	-1	1	1	0	0	0	93.53	2.17	0.241	2	1
K101E	-1	-1	1	1	0	0	0	93.38	0.48	-0.857	2	1
D102A	0	0	0	1	0	0	0	95.21	0.97	1.032	-1	0
F106L	1	1	1	1	0	0	0	95.59	-0.08	1.081	2	1
F106Y	1	1	1	1	0	0	0	95.59	-0.59	1.081	2	1
C108R	-1	-1	1	1	0	0	0	92.61	-1.84	0.745	2	1
P114S	1	1	1	1	0	0	0	82.79	-0.19	0.002	2	1
V115M	0	0	0	1	0	0	0	79.24	-0.28	0.357	1b	0
M124T	0	0	0	1	0	0	0	80.1	-0.44	0.038	1b	0
M124R	1	1	1	1	0	0	0	80.1	-2.06	0.038	2	1
F125C	0	0	0	1	0	0	0	82.64	-0.57	0.824	1b	0
E130K	0	0	0	1	0	0	0	87.57	-0.48	2.323	1b	0
L678P	0	0	0	0	1	0	0	42.97	-0.6	-0.045	-1	0
H687Y	1	1	1	0	1	0	0	55.92	0.42	-0.816	2	1
L693P	0	0	0	0	1	0	0	59.24	-0.6	-0.869	-1	0
R696C	1	-1	1	0	1	0	0	56.98	1.84	-0.919	2	1
R696P	-1	-1	1	0	1	0	0	56.98	1.73	-0.919	2	1
S706C	0	0	0	0	1	0	0	47.62	0.3	-0.411	1b	0
S706F	0	0	1	0	1	0	0	47.62	0.87	-0.411	2	1
P721L	-1	-1	1	0	1	0	0	58.61	0.6	-0.988	2	1
I728F	0	0	0	0	1	0	0	58.75	-0.12	-0.829	-1	0
S735L	-1	-1	1	0	1	0	0	66.3	0.79	0.337	2	1
R744P	0	0	1	0	0	1	0	76.39	1.73	1.089	2	1
G749V	1	-1	1	0	0	1	0	72.37	0.38	-0.774	2	1
R752Q	1	1	1	0	0	1	0	67.93	1.11	-0.883	2	1
R752W	1	-1	1	0	0	1	0	67.93	2.17	-0.883	2	1
M756V	0	0	1	0	0	1	0	64.56	0.28	0.157	2	1
K757N	1	1	1	0	0	1	0	66.17	0.46	0.05	2	1
D767Y	0	0	0	0	0	1	0	63.34	0.74	-0.845	3	0
V770A	1	-1	1	0	0	1	0	70.03	-0.29	-0.147	2	1
D774Y	-1	-1	1	0	0	1	0	74.77	0.74	-0.958	2	1
R784W	1	1	1	0	0	1	0	65.1	2.17	-0.665	2	1
G785V	-1	-1	1	0	0	1	0	65.51	0.38	-0.985	2	1
E788D	1	-1	1	0	0	1	0	72.12	-0.1	-0.954	2	1
E788K	1	-1	1	0	0	1	0	72.12	-0.48	-0.954	2	1
R791W	0	0	0	0	0	1	0	78.21	2.17	0.148	3	0
G800W	1	-1	1	0	0	1	0	71.37	0.21	-0.407	2	1
F805C	1	-1	1	0	0	1	0	74.99	-0.57	-0.744	2	1
F805S	-1	-1	1	0	0	1	0	74.99	-0.87	-0.744	2	1
G806E	-1	-1	1	0	0	1	0	75.84	-0.78	-0.859	2	1
G816V	1	0	1	0	0	1	0	80.69	0.38	-0.454	2	1
S818L	-1	-1	1	0	0	1	0	78.01	0.79	-0.642	2	1
S818P	-1	-1	1	0	0	1	0	78.01	0.19	-0.642	2	1
G820R	1	1	1	0	0	1	0	77.01	-1.96	-0.368	2	1
V822M	-1	-1	1	0	0	1	0	71.26	-0.28	-0.865	2	1
R823W	-1	-1	1	0	0	1	0	68.28	2.17	-0.434	2	1
R835W	0	0	0	0	0	1	0	74.25	2.17	-0.452	3	0
D837G	1	-1	1	0	0	1	0	71.02	0.88	-0.194	2	1
D837Y	-1	-1	1	0	0	1	0	71.02	0.74	-0.194	2	1
P846S	1	-1	1	0	0	1	0	83.18	-0.19	-0.527	2	1
N861H	1	-1	1	0	0	1	0	81.18	0.24	-0.21	2	1
N861I	1	-1	1	0	0	1	0	81.18	1.37	-0.21	2	1
L552S	1	1	1	0	0	0	1	26.54	-0.79	-0.986	2	1
A558E	-1	-1	-1	0	0	0	1	18.08	-0.87	-0.388	2	1
A558P	-1	-1	-1	0	0	0	1	18.08	-0.32	-0.388	2	1
L559H	-1	-1	-1	0	0	0	1	20.25	-0.93	-0.931	2	1
A561P	-1	-1	-1	0	0	0	1	15.2	-0.32	-0.874	2	1
A561T	-1	-1	0	0	0	0	1	15.2	-0.43	-0.874	2	1
A561V	-1	-1	1	0	0	0	1	15.2	0.29	-0.874	2	1
H562P	-1	-1	1	0	0	0	1	17.81	0.33	-0.963	2	1
H562R	-1	-1	1	0	0	0	1	17.81	-1.4	-0.963	2	1
L564P	-1	-1	-1	0	0	0	1	16.22	-0.6	-0.632	2	1
A565T	-1	-1	-1	0	0	0	1	15.34	-0.43	-0.997	2	1
C566S	-1	-1	1	0	0	0	1	18.9	-0.3	-0.981	2	1
W568C	-1	-1	-1	0	0	0	1	15.67	-0.33	-0.852	2	1
W568R	-1	-1	1	0	0	0	1	15.67	-2.17	-0.852	2	1
Y569H	-1	-1	-1	0	0	0	1	17.86	-0.42	-0.595	2	1
I571L	1	1	1	0	0	0	1	19.39	-0.2	-0.968	2	1
I571V	1	1	1	0	0	0	1	19.39	-0.19	-0.968	2	1
G572C	-1	-1	-1	0	0	0	1	19.12	-0.12	-0.693	2	1
G572D	-1	-1	-1	0	0	0	1	19.12	-0.88	-0.693	2	1
G572R	-1	-1	-1	0	0	0	1	19.12	-1.96	-0.693	2	1
G572S	-1	1	-1	0	0	0	1	19.12	-0.42	-0.693	2	1
G572V	-1	-1	1	0	0	0	1	19.12	0.38	-0.693	2	1
M574V	0	0	0	0	0	0	1	24.78	0.28	0.708	-1	0
E575G	1	1	1	0	0	0	1	23.92	0.78	-0.872	2	1
R582C	1	0	0	0	0	0	1	17	1.84	2.234	2	1
R582L	1	1	1	0	0	0	1	17	2.33	2.234	2	1
G584R	0	0	0	0	0	0	1	17.32	-1.96	-0.609	-1	0
G584S	0	0	0	0	0	0	1	17.32	-0.42	-0.609	3	0
W585C	-1	-1	-1	0	0	0	1	14.5	-0.33	-0.96	2	1
N588D	1	1	1	0	0	0	1	15.88	-0.08	0.932	2	1
I593G	-1	-1	-1	0	0	0	1	18.25	-0.57	0.249	2	1
I593K	-1	-1	-1	0	0	0	1	18.25	-1.83	0.249	2	1
I593R	1	1	-1	0	0	0	1	18.25	-2.53	0.249	2	1
G594D	-1	1	-1	0	0	0	1	21.89	-0.88	1.161	2	1
P596H	-1	1	-1	0	0	0	1	23.78	-0.33	1.154	2	1
P596L	1	1	-1	0	0	0	1	23.78	0.6	1.154	2	1
P596R	1	1	-1	0	0	0	1	23.78	-1.73	1.154	2	1
Y597C	-1	1	-1	0	0	0	1	26.3	0.02	0.421	2	1
S599R	1	1	1	0	0	0	1	26	-1.54	2.731	2	1
G601C	1	1	1	0	0	0	1	26	-0.12	2.71	2	1
G601S	-1	-1	-1	0	0	0	1	26	-0.42	2.71	2	1
G604S	-1	-1	-1	0	0	0	1	24.69	-0.42	-0.864	2	1
P605L	-1	-1	-1	0	0	0	1	22.05	0.6	-0.932	2	1
P605S	-1	-1	-1	0	0	0	1	22.05	-0.19	-0.932	2	1
D609G	-1	-1	-1	0	0	0	1	18.23	0.88	-0.552	2	1
D609H	-1	-1	-1	0	0	0	1	18.23	0.32	-0.552	2	1
D609N	-1	-1	-1	0	0	0	1	18.23	0.08	-0.552	2	1
Y611H	-1	-1	-1	0	0	0	1	17.52	-0.42	-0.983	2	1
V612L	-1	1	1	0	0	0	1	15.38	-0.01	-0.436	2	1
T613M	-1	-1	-1	0	0	0	1	12.62	0.44	-0.717	2	1
A614V	-1	-1	-1	0	0	0	1	13.1	0.29	-0.394	2	1
L615F	-1	1	1	0	0	0	1	13.01	0.08	-0.873	2	1
L615V	0	0	1	0	0	0	1	13.01	0.01	-0.873	2	1
Y616C	0	0	0	0	0	0	1	10.05	0.02	-0.983	4	0
S621N	-1	-1	-1	0	0	0	1	6.88	-0.38	-0.913	2	1
S621R	-1	-1	-1	0	0	0	1	6.88	-1.54	-0.913	2	1
L622F	0	0	0	0	0	0	1	10.01	0.08	-0.879	-1	0
T623I	1	1	1	0	0	0	1	9.21	0.91	-0.97	2	1
V625E	-1	-1	-1	0	0	0	1	4.48	-1.16	-0.839	2	1
G626A	0	0	0	0	0	0	1	1.51	0.09	-0.985	4	0
G626D	-1	-1	-1	0	0	0	1	1.51	-0.88	-0.985	2	1
G626S	-1	1	0	0	0	0	1	1.51	-0.42	-0.985	2	1
G626V	-1	-1	1	0	0	0	1	1.51	0.38	-0.985	2	1
F627L	1	1	0	0	0	0	1	2.44	-0.08	-0.985	2	1
G628S	0	0	0	0	0	0	1	4.84	-0.42	-0.985	4	0
G628V	-1	-1	0	0	0	0	1	4.84	0.38	-0.985	2	1
N629T	0	0	0	0	0	0	1	7.67	0.46	-0.998	-1	0
N629D	1	1	-1	0	0	0	1	7.67	-0.08	-0.998	2	1
N629I	-1	-1	-1	0	0	0	1	7.67	1.37	-0.998	2	1
N629K	-1	-1	-1	0	0	0	1	7.67	-0.46	-0.998	2	1
N629S	1	1	-1	0	0	0	1	7.67	0.38	-0.998	2	1
V630A	1	1	-1	0	0	0	1	8.22	-0.29	-0.84	2	1
V630L	1	1	1	0	0	0	1	8.22	-0.01	-0.84	2	1
P632S	-1	-1	-1	0	0	0	1	11.22	-0.19	-0.502	2	1
N633D	0	0	1	0	0	0	1	14.16	-0.08	-0.526	2	1
N633S	1	1	0	0	0	0	1	14.16	0.38	-0.526	2	1
T634I	-1	-1	-1	0	0	0	1	17.24	0.91	-0.998	2	1
N635K	0	0	0	0	0	0	1	18.5	-0.46	-0.514	-1	0
N635D	-1	1	-1	0	0	0	1	18.5	-0.08	-0.514	2	1
N635I	1	1	1	0	0	0	1	18.5	1.37	-0.514	2	1
E637D	-1	-1	-1	0	0	0	1	14.98	-0.1	-0.993	2	1
E637G	-1	-1	-1	0	0	0	1	14.98	0.78	-0.993	2	1
E637K	-1	-1	0	0	0	0	1	14.98	-0.48	-0.993	2	1
K638E	-1	-1	0	0	0	0	1	13.92	0.48	-0.908	2	1
K638N	-1	-1	-1	0	0	0	1	13.92	0.46	-0.908	2	1
F640L	-1	-1	-1	0	0	0	1	15.14	-0.08	-0.985	2	1
F640V	-1	1	-1	0	0	0	1	15.14	-0.07	-0.985	2	1
S641F	-1	1	-1	0	0	0	1	11.62	0.87	-0.699	2	1
V644F	-1	-1	-1	0	0	0	1	13.09	0.07	-0.432	2	1
V644L	0	0	0	0	0	0	1	13.09	-0.01	-0.432	3	0
M645I	0	0	0	0	0	0	1	11.8	0.47	-0.997	1a	0
M645L	0	0	0	0	0	0	1	11.8	0.27	-0.997	1a	0
M645V	0	0	0	0	0	0	1	11.8	0.28	-0.997	1a	0
G648S	0	0	0	0	0	0	1	13.8	-0.42	-0.817	1a	0
S649L	0	0	0	0	0	0	1	14.81	0.79	-0.736	4	0
F656C	0	0	0	0	0	0	1	19.97	-0.57	-0.985	1a	0
G657S	0	0	0	0	0	0	1	22.5	-0.42	-0.928	-1	0
G657R	0	0	0	0	0	0	1	22.5	-1.96	-0.928	4	0
S660L	1	1	1	0	0	0	1	24.26	0.79	-0.944	1a	0
I662T	0	0	0	0	0	0	1	28.63	-0.91	-0.998	1b	0